id,text,emotion_labels,annotation_state,review_status,source,group_id
j001,"I feel nervous about tomorrow, even though I prepared well.",fear,emotional,reviewed,manual_example,j001
j002,"I attended classes and came home at five.",,neutral,reviewed,manual_example,j002
j003,"I miss her, but I am grateful for the time we shared.",sadness|joy,emotional,reviewed,manual_example,j003
j004,"I trust my friend to support me when things get difficult.",trust,emotional,reviewed,manual_example,j004
j005,"I am eagerly looking forward to our trip tomorrow.",anticipation,emotional,reviewed,manual_example,j005
j006,"Their cruel behaviour disgusted me.",disgust,emotional,reviewed,manual_example,j006
j007,"I am not happy with how today went.",,unclear,pending,manual_example,j007
j008,"Third time this week my project partner has uploaded his section at midnight without telling anyone, and then he acts like I'm being dramatic for asking about it. I spent my whole evening fixing his formatting again. Honestly I'm tired of covering for him and I'm done pretending it doesn't bother me.",anger,emotional,pending,ai_synthetic,j008
j009,"The landlord said he'd fix the leaking tap last month, then again two weeks ago, and again yesterday. Now he's texting me that I should have reminded him nicely. I read that message four times with my jaw clenched, typing and deleting replies until I finally put my phone face down.",anger,emotional,pending,ai_synthetic,j009
j010,"My cousin borrowed my camera for the family trip and returned it with a cracked lens, shrugging like it was nothing. He didn't even say sorry, he just asked if I could send him the photos. I'm not going to reply tonight because I know I'll say something I can't take back.",anger,emotional,pending,ai_synthetic,j010
j011,"Mum slipped my favourite mango pickle into my bag again before I left for the hostel, wrapped in three layers of plastic so it wouldn't leak. I found it while unpacking and stood there holding the jar, feeling so looked after that I almost called her right then.",love,emotional,pending,ai_synthetic,j011
j012,"We've been together two years, and I used to think he barely noticed what I said. Today he handed me a second-hand copy of the out-of-print novel I'd mentioned once, months ago, with a sticky note saying only found it. I keep running my thumb over the cover because it feels like proof that he really listens to me.",love,emotional,pending,ai_synthetic,j012
j013,"Sat with Nana on the balcony this evening while she told me the same story about her village for the fifth time. I didn't mind at all, and I could have listened all night. Her hand on my shoulder and the smell of her talcum powder made me want to stay close to her for as long as I can.",love,emotional,pending,ai_synthetic,j013
j014,"I walked into the lab expecting a normal Tuesday and found the whole batch of samples already processed, with a note saying the professor had come in at six. Nobody had told us the equipment would be back so early. I read the note twice because I assumed I'd walked into the wrong room.",surprise,emotional,pending,ai_synthetic,j014
j015,"Was scrolling past the department notice board when I saw my own name on the scholarship list. I hadn't even been sure my form went through properly. For a full minute I just stared, convinced it was a typo, and then I checked my roll number twice.",surprise,emotional,pending,ai_synthetic,j015
j016,"At the station I opened my bag and found a rubber duck, half a packet of chips and absolutely no laptop. It took a minute to realise I'd grabbed my little brother's identical bag from the hallway. I stood frozen on the platform, mouth open, while the train I needed pulled away.",surprise,emotional,pending,ai_synthetic,j016
j017,"I handed Meera my laptop with the whole thesis draft on it and went to catch my bus without a second thought. She's backed up my files before and has never once lost anything. Knowing she'd handle it properly meant I could actually relax on the ride home.",trust,emotional,pending,ai_synthetic,j017
j018,"When the new tutor said he'd review my report by Friday, I believed him right away. Last semester I'd have checked in every day because my old supervisor kept forgetting, but this time I'm not worried at all. He's done exactly what he said he would every single time so far.",trust,emotional,pending,ai_synthetic,j018
j019,"The trek to Kasol is only nine days away and I've already laid my backpack out on the floor. Every evening I check the weather forecast and rewatch the route videos, counting down the days. I can't wait to finally be standing in those mountains.",anticipation,emotional,pending,ai_synthetic,j019
j020,"My sister lands from Pune on Friday, and I've been planning the whole weekend in my head for days. We'll hit the old chaat stall first, then rewatch our favourite movies until late. I keep glancing at the calendar, wishing Friday would hurry up.",anticipation,emotional,pending,ai_synthetic,j020
j021,"Opened the shared fridge in the hostel to find someone's leftover curry had grown a fuzzy green coat, sitting right next to my curd. The smell hit me before I even saw it. I gagged, shut the door fast and washed my hands three times afterwards.",disgust,emotional,pending,ai_synthetic,j021
j022,"At the canteen today I watched the cook scratch his arm and then go straight back to kneading dough with the same bare hands. I'm not usually squeamish about food, but my stomach turned over and I pushed my plate away untouched. I think I'll be eating outside the campus for a while.",disgust,emotional,pending,ai_synthetic,j022
j023,"Took the metro to the library around eleven and returned two books that were due on the twelfth. Then I picked up a printout of the syllabus and sat in the reading hall for about an hour. Left by one to catch the bus home.",,neutral,pending,ai_synthetic,j023
j024,"Finished the lab report by mid-afternoon and sent it to the group for comments. After that I ironed two shirts, reheated rice for dinner and checked tomorrow's timetable. The first lecture starts at 9:15 in room 204.",,neutral,pending,ai_synthetic,j024
j025,"Said goodbye to the old flat today after the movers took the last box, and my chest felt heavy walking through the empty rooms one more time. But then my sister called to say the keys to our new place were ready, and I laughed out loud for the first time all week. It's strange to feel both of those in the same hour.",sadness|joy,emotional,pending,ai_synthetic,j025
j026,"I leave for my exchange semester in Berlin in six days, and every time I picture the airport alone my palms go cold. I keep imagining losing my passport or getting on the wrong train. But I've also saved a list of bookshops I'm desperate to see, and I smile every time I scroll through it.",fear|anticipation|joy,emotional,pending,ai_synthetic,j026
j027,"My brother cancelled my birthday dinner at the last minute for a cricket match, and I was so irritated I hung up on him. Later he turned up at my door with a cake and a clumsy apology, and I still felt annoyed even as I hugged him tightly. I'm not letting this go quickly, but I'm also glad he's my brother.",anger|love,emotional,pending,ai_synthetic,j027